Adj Close,Close,High,Low,Open,Volume
CAMP,CAMP,CAMP,CAMP,CAMP,CAMP
10.720000267028809,10.720000267028809,11.5,10.25,11.15999984741211,849400
9.75,9.75,12.300000190734863,9.510000228881836,11.229999542236328,309200
10.75,10.75,11.470000267028809,9.395000457763672,9.720000267028809,178000
10.920000076293945,10.920000076293945,11.795000076293945,9.520000457763672,11.149999618530273,168500
10.859999656677246,10.859999656677246,11.239999771118164,10.369999885559082,10.369999885559082,75800
11.0,11.0,11.25,10.39900016784668,11.25,40700
10.899999618530273,10.899999618530273,11.600000381469727,10.569999694824219,11.399999618530273,58800
10.899999618530273,10.899999618530273,11.630000114440918,10.539999961853027,11.630000114440918,103900
11.0,11.0,11.180000305175781,10.75,10.779999732971191,63700
11.0,11.0,11.225000381469727,10.710000038146973,11.225000381469727,37500
11.1899995803833,11.1899995803833,11.239999771118164,10.835000038146973,11.239999771118164,25100
11.109999656677246,11.109999656677246,11.600000381469727,10.6899995803833,11.430000305175781,49900
11.369999885559082,11.369999885559082,11.470000267028809,10.760000228881836,11.050000190734863,57600
10.800000190734863,10.800000190734863,11.28499984741211,10.529999732971191,11.28499984741211,37900
10.630000114440918,10.630000114440918,10.899999618530273,10.109999656677246,10.890000343322754,32500
10.050000190734863,10.050000190734863,10.550000190734863,9.75,10.5,28500
8.220000267028809,8.220000267028809,10.050000190734863,7.800000190734863,9.930000305175781,114700
9.319999694824219,9.319999694824219,9.8100004196167,8.260000228881836,8.300000190734863,113300
9.100000381469727,9.100000381469727,11.0,8.109999656677246,10.050000190734863,91400
10.5,10.5,10.845000267028809,8.949999809265137,8.960000038146973,80000
10.59000015258789,10.59000015258789,10.630000114440918,9.350000381469727,10.600000381469727,42000
10.510000228881836,10.510000228881836,11.005000114440918,9.699999809265137,10.539999961853027,42400
11.739999771118164,11.739999771118164,12.260000228881836,9.880000114440918,10.130000114440918,95900
